1,098.777.7777,Codegym,Quang Tèo,Male,23/09/1996,Huế,quangteo@gmail.com
2,098.888.8888,Codegym,Thiện Tha Thu,Male,23/07/1993,Huế,thienthathu@gmail.com
3,097.888.8888,Codegym,Long Gà,Male,23/07/1999,Huế,longga@email.com
4,097.555.5555,Phong,Duy Hân,Male,15/06/1995,Huế,duyhan@outlook.com
5,098.111.1111,Codegym,Thành Chương,Male,03/04/1995,Huế,chuongcutoe@email.com
6,097.333.3333,Codegym,Quốc Huy,Male,17/05/1994,Huế,quochuy@outlook.com
7,098.999.9999,Phong,Cuồng Phong,Male,15/09/1996,Quảng Bình,cuongphong@email.com
8,099.888.8888,Codegym,Dương,Male,12/07/1997,Quảng Bình,duongqua@gmail.com
9,099.999.9999,Codegym,Nam Trần,Male,25/05/2000,Quảng Bình,tnamqb@gmail.com
10,088.888.8888,Bạn,Đường,Male,23/08/1995,Quảng Trị,duongduong@email.com
